{
	"frontendTokenCategories": [
		{
			"frontendTokenSets": [
				{
					"frontendTokens": [
						{
							"defaultValue": "#0b5fff",
							"editorType": "ColorPicker",
							"label": "brand-color-1",
							"mappings": [
								{
									"type": "cssVariable",
									"value": "brand-color-1"
								}
							],
							"name": "brandColor1",
							"type": "String"
						},
						{
							"defaultValue": "#6b6c7e",
							"editorType": "ColorPicker",
							"label": "brand-color-2",
							"mappings": [
								{
									"type": "cssVariable",
									"value": "brand-color-2"
								}
							],
							"name": "brandColor2",
							"type": "String"
						},
						{
							"defaultValue": "#2e5aac",
							"editorType": "ColorPicker",
							"label": "brand-color-3",
							"mappings": [
								{
									"type": "cssVariable",
									"value": "brand-color-3"
								}
							],
							"name": "brandColor3",
							"type": "String"
						},
						{
							"defaultValue": "#30313f",
							"editorType": "ColorPicker",
							"label": "brand-color-4",
							"mappings": [
								{
									"type": "cssVariable",
									"value": "brand-color-4"
								}
							],
							"name": "brandColor4",
							"type": "String"
						}
					],
					"label": "brand-colors",
					"name": "brandColors"
				},
				{
					"frontendTokens": [
						{
							"defaultValue": "#fff",
							"editorType": "ColorPicker",
							"label": "white",
							"mappings": [
								{
									"type": "cssVariable",
									"value": "white"
								}
							],
							"name": "whiteColor",
							"type": "String"
						},
						{
							"defaultValue": "#f7f8f9",
							"editorType": "ColorPicker",
							"label": "gray-100",
							"mappings": [
								{
									"type": "cssVariable",
									"value": "gray-100"
								}
							],
							"name": "gray100Color",
							"type": "String"
						},
						{
							"defaultValue": "#f1f2f5",
							"editorType": "ColorPicker",
							"label": "gray-200",
							"mappings": [
								{
									"type": "cssVariable",
									"value": "gray-200"
								}
							],
							"name": "gray200Color",
							"type": "String"
						},
						{
							"defaultValue": "#e7e7ed",
							"editorType": "ColorPicker",
							"label": "gray-300",
							"mappings": [
								{
									"type": "cssVariable",
									"value": "gray-300"
								}
							],
							"name": "gray300Color",
							"type": "String"
						},
						{
							"defaultValue": "#cdced9",
							"editorType": "ColorPicker",
							"label": "gray-400",
							"mappings": [
								{
									"type": "cssVariable",
									"value": "gray-400"
								}
							],
							"name": "gray400Color",
							"type": "String"
						},
						{
							"defaultValue": "#a7a9bc",
							"editorType": "ColorPicker",
							"label": "gray-500",
							"mappings": [
								{
									"type": "cssVariable",
									"value": "gray-500"
								}
							],
							"name": "gray500Color",
							"type": "String"
						},
						{
							"defaultValue": "#6b6c7e",
							"editorType": "ColorPicker",
							"label": "gray-600",
							"mappings": [
								{
									"type": "cssVariable",
									"value": "gray-600"
								}
							],
							"name": "gray600Color",
							"type": "String"
						},
						{
							"defaultValue": "#495057",
							"editorType": "ColorPicker",
							"label": "gray-700",
							"mappings": [
								{
									"type": "cssVariable",
									"value": "gray-700"
								}
							],
							"name": "gray700Color",
							"type": "String"
						},
						{
							"defaultValue": "#393a4a",
							"editorType": "ColorPicker",
							"label": "gray-800",
							"mappings": [
								{
									"type": "cssVariable",
									"value": "gray-800"
								}
							],
							"name": "gray800Color",
							"type": "String"
						},
						{
							"defaultValue": "#272833",
							"editorType": "ColorPicker",
							"label": "gray-900",
							"mappings": [
								{
									"type": "cssVariable",
									"value": "gray-900"
								}
							],
							"name": "gray900Color",
							"type": "String"
						},
						{
							"defaultValue": "#000",
							"editorType": "ColorPicker",
							"label": "black",
							"mappings": [
								{
									"type": "cssVariable",
									"value": "black"
								}
							],
							"name": "blackColor",
							"type": "String"
						}
					],
					"label": "grays",
					"name": "grays"
				},
				{
					"frontendTokens": [
						{
							"defaultValue": "#0b5fff",
							"editorType": "ColorPicker",
							"label": "primary",
							"mappings": [
								{
									"type": "cssVariable",
									"value": "primary"
								}
							],
							"name": "primaryColor",
							"type": "String"
						},
						{
							"defaultValue": "#6b6c7e",
							"editorType": "ColorPicker",
							"label": "secondary",
							"mappings": [
								{
									"type": "cssVariable",
									"value": "secondary"
								}
							],
							"name": "secondaryColor",
							"type": "String"
						},
						{
							"defaultValue": "#287d3c",
							"editorType": "ColorPicker",
							"label": "success",
							"mappings": [
								{
									"type": "cssVariable",
									"value": "success"
								}
							],
							"name": "successColor",
							"type": "String"
						},
						{
							"defaultValue": "#2e5aac",
							"editorType": "ColorPicker",
							"label": "info",
							"mappings": [
								{
									"type": "cssVariable",
									"value": "info"
								}
							],
							"name": "infoColor",
							"type": "String"
						},
						{
							"defaultValue": "#b95000",
							"editorType": "ColorPicker",
							"label": "warning",
							"mappings": [
								{
									"type": "cssVariable",
									"value": "warning"
								}
							],
							"name": "warningColor",
							"type": "String"
						},
						{
							"defaultValue": "#da1414",
							"editorType": "ColorPicker",
							"label": "danger",
							"mappings": [
								{
									"type": "cssVariable",
									"value": "danger"
								}
							],
							"name": "dangerColor",
							"type": "String"
						},
						{
							"defaultValue": "#393a4a",
							"editorType": "ColorPicker",
							"label": "gray-dark",
							"mappings": [
								{
									"type": "cssVariable",
									"value": "gray-dark"
								}
							],
							"name": "grayDarkColor",
							"type": "String"
						},
						{
							"defaultValue": "#272833",
							"editorType": "ColorPicker",
							"label": "dark",
							"mappings": [
								{
									"type": "cssVariable",
									"value": "dark"
								}
							],
							"name": "darkColor",
							"type": "String"
						},
						{
							"defaultValue": "#f1f2f5",
							"editorType": "ColorPicker",
							"label": "light",
							"mappings": [
								{
									"type": "cssVariable",
									"value": "light"
								}
							],
							"name": "lightColor",
							"type": "String"
						},
						{
							"defaultValue": "#f7f8f9",
							"editorType": "ColorPicker",
							"label": "lighter",
							"mappings": [
								{
									"type": "cssVariable",
									"value": "lighter"
								}
							],
							"name": "lighterColor",
							"type": "String"
						}
					],
					"label": "theme-colors",
					"name": "themeColors"
				}
			],
			"label": "color-system",
			"name": "colorSystem"
		},
		{
			"frontendTokenSets": [
				{
					"frontendTokens": [
						{
							"defaultValue": "0",
							"editorType": "Length",
							"label": "spacer-0",
							"mappings": [
								{
									"type": "cssVariable",
									"value": "spacer-0"
								}
							],
							"name": "spacer0",
							"type": "String"
						},
						{
							"defaultValue": "0.25rem",
							"editorType": "Length",
							"label": "spacer-1",
							"mappings": [
								{
									"type": "cssVariable",
									"value": "spacer-1"
								}
							],
							"name": "spacer1",
							"type": "String"
						},
						{
							"defaultValue": "0.5rem",
							"editorType": "Length",
							"label": "spacer-2",
							"mappings": [
								{
									"type": "cssVariable",
									"value": "spacer-2"
								}
							],
							"name": "spacer2",
							"type": "String"
						},
						{
							"defaultValue": "1rem",
							"editorType": "Length",
							"label": "spacer-3",
							"mappings": [
								{
									"type": "cssVariable",
									"value": "spacer-3"
								}
							],
							"name": "spacer3",
							"type": "String"
						},
						{
							"defaultValue": "1.5rem",
							"editorType": "Length",
							"label": "spacer-4",
							"mappings": [
								{
									"type": "cssVariable",
									"value": "spacer-4"
								}
							],
							"name": "spacer4",
							"type": "String"
						},
						{
							"defaultValue": "3rem",
							"editorType": "Length",
							"label": "spacer-5",
							"mappings": [
								{
									"type": "cssVariable",
									"value": "spacer-5"
								}
							],
							"name": "spacer5",
							"type": "String"
						},
						{
							"defaultValue": "4.5rem",
							"editorType": "Length",
							"label": "spacer-6",
							"mappings": [
								{
									"type": "cssVariable",
									"value": "spacer-6"
								}
							],
							"name": "spacer6",
							"type": "String"
						},
						{
							"defaultValue": "6rem",
							"editorType": "Length",
							"label": "spacer-7",
							"mappings": [
								{
									"type": "cssVariable",
									"value": "spacer-7"
								}
							],
							"name": "spacer7",
							"type": "String"
						},
						{
							"defaultValue": "7.5rem",
							"editorType": "Length",
							"label": "spacer-8",
							"mappings": [
								{
									"type": "cssVariable",
									"value": "spacer-8"
								}
							],
							"name": "spacer8",
							"type": "String"
						},
						{
							"defaultValue": "9rem",
							"editorType": "Length",
							"label": "spacer-9",
							"mappings": [
								{
									"type": "cssVariable",
									"value": "spacer-9"
								}
							],
							"name": "spacer9",
							"type": "String"
						},
						{
							"defaultValue": "10rem",
							"editorType": "Length",
							"label": "spacer-10",
							"mappings": [
								{
									"type": "cssVariable",
									"value": "spacer-10"
								}
							],
							"name": "spacer10",
							"type": "String"
						}
					],
					"label": "spacing",
					"name": "spacing"
				}
			],
			"label": "spacing",
			"name": "spacing"
		},
		{
			"frontendTokenSets": [
				{
					"frontendTokens": [
						{
							"defaultValue": "#fff",
							"editorType": "ColorPicker",
							"label": "body-bg",
							"mappings": [
								{
									"type": "cssVariable",
									"value": "body-bg"
								}
							],
							"name": "bodyBgColor",
							"type": "String"
						},
						{
							"defaultValue": "#272833",
							"editorType": "ColorPicker",
							"label": "body-color",
							"mappings": [
								{
									"type": "cssVariable",
									"value": "body-color"
								}
							],
							"name": "bodyColor",
							"type": "String"
						}
					],
					"label": "body",
					"name": "body"
				},
				{
					"frontendTokens": [
						{
							"defaultValue": "0.25rem",
							"editorType": "Length",
							"label": "border-radius",
							"mappings": [
								{
									"type": "cssVariable",
									"value": "border-radius"
								}
							],
							"name": "borderRadius",
							"type": "String"
						},
						{
							"defaultValue": "0.1875rem",
							"editorType": "Length",
							"label": "border-radius-sm",
							"mappings": [
								{
									"type": "cssVariable",
									"value": "border-radius-sm"
								}
							],
							"name": "borderRadiusSm",
							"type": "String"
						},
						{
							"defaultValue": "0.375rem",
							"editorType": "Length",
							"label": "border-radius-lg",
							"mappings": [
								{
									"type": "cssVariable",
									"value": "border-radius-lg"
								}
							],
							"name": "borderRadiusLg",
							"type": "String"
						},
						{
							"defaultValue": "50%",
							"editorType": "Length",
							"label": "border-radius-circle",
							"mappings": [
								{
									"type": "cssVariable",
									"value": "border-radius-circle"
								}
							],
							"name": "borderRadiusCircle",
							"type": "String"
						},
						{
							"defaultValue": "50rem",
							"editorType": "Length",
							"label": "rounded-pill",
							"mappings": [
								{
									"type": "cssVariable",
									"value": "rounded-pill"
								}
							],
							"name": "roundedPill",
							"type": "String"
						}
					],
					"label": "borders",
					"name": "borders"
				},
				{
					"frontendTokens": [
						{
							"defaultValue": "0 .5rem 1rem rgba(0, 0, 0, .15)",
							"label": "box-shadow",
							"mappings": [
								{
									"type": "cssVariable",
									"value": "box-shadow"
								}
							],
							"name": "boxShadow",
							"type": "String"
						},
						{
							"defaultValue": "0 .125rem .25rem rgba(0, 0, 0, .075)",
							"label": "box-shadow-sm",
							"mappings": [
								{
									"type": "cssVariable",
									"value": "box-shadow-sm"
								}
							],
							"name": "boxShadowSm",
							"type": "String"
						},
						{
							"defaultValue": "0 1rem 3rem rgba(0, 0, 0, .175)",
							"label": "box-shadow-lg",
							"mappings": [
								{
									"type": "cssVariable",
									"value": "box-shadow-lg"
								}
							],
							"name": "boxShadowLg",
							"type": "String"
						}
					],
					"label": "box-shadows",
					"name": "boxShadows"
				},
				{
					"frontendTokens": [
						{
							"defaultValue": "100%",
							"editorType": "Length",
							"label": "aspect-ratio",
							"mappings": [
								{
									"type": "cssVariable",
									"value": "aspect-ratio"
								}
							],
							"name": "aspectRatio",
							"type": "String"
						},
						{
							"defaultValue": "75%",
							"editorType": "Length",
							"label": "aspect-ratio-4-to-3",
							"mappings": [
								{
									"type": "cssVariable",
									"value": "aspect-ratio-4-to-3"
								}
							],
							"name": "aspectRatio4To3",
							"type": "String"
						},
						{
							"defaultValue": "37.5%",
							"editorType": "Length",
							"label": "aspect-ratio-8-to-3",
							"mappings": [
								{
									"type": "cssVariable",
									"value": "aspect-ratio-8-to-3"
								}
							],
							"name": "aspectRatio8To3",
							"type": "String"
						},
						{
							"defaultValue": "56.25%",
							"editorType": "Length",
							"label": "aspect-ratio-16-to-9",
							"mappings": [
								{
									"type": "cssVariable",
									"value": "aspect-ratio-16-to-9"
								}
							],
							"name": "aspectRatio16To9",
							"type": "String"
						}
					],
					"label": "aspect-ratios",
					"name": "aspectRatios"
				},
				{
					"frontendTokens": [
						{
							"defaultValue": "height .35s ease",
							"label": "transition-collapse",
							"mappings": [
								{
									"type": "cssVariable",
									"value": "transition-collapse"
								}
							],
							"name": "transitionCollapse",
							"type": "String"
						},
						{
							"defaultValue": "opacity .15s linear",
							"label": "transition-fade",
							"mappings": [
								{
									"type": "cssVariable",
									"value": "transition-fade"
								}
							],
							"name": "transitionFade",
							"type": "String"
						}
					],
					"label": "transitions",
					"name": "transitions"
				}
			],
			"label": "general",
			"name": "general"
		},
		{
			"frontendTokenSets": [
				{
					"frontendTokens": [
						{
							"defaultValue": "540px",
							"editorType": "Length",
							"label": "small",
							"mappings": [
								{
									"type": "cssVariable",
									"value": "container-max-sm"
								}
							],
							"name": "containerMaxSm",
							"type": "String"
						},
						{
							"defaultValue": "720px",
							"editorType": "Length",
							"label": "medium",
							"mappings": [
								{
									"type": "cssVariable",
									"value": "container-max-md"
								}
							],
							"name": "containerMaxMd",
							"type": "String"
						},
						{
							"defaultValue": "960px",
							"editorType": "Length",
							"label": "large",
							"mappings": [
								{
									"type": "cssVariable",
									"value": "container-max-lg"
								}
							],
							"name": "containerMaxLg",
							"type": "String"
						},
						{
							"defaultValue": "1248px",
							"editorType": "Length",
							"label": "extra-large",
							"mappings": [
								{
									"type": "cssVariable",
									"value": "container-max-xl"
								}
							],
							"name": "containerMaxXl",
							"type": "String"
						}
					],
					"label": "container-max-widths",
					"name": "containerMaxWidths"
				}
			],
			"label": "layout",
			"name": "layout"
		},
		{
			"frontendTokenSets": [
				{
					"frontendTokens": [
						{
							"defaultValue": "system-ui, -apple-system, BlinkMacSystemFont, 'Segoe UI', Roboto, Oxygen-Sans, Ubuntu, Cantarell, 'Helvetica Neue', Arial, sans-serif, 'Apple Color Emoji', 'Segoe UI Emoji', 'Segoe UI Symbol'",
							"label": "font-family-sans-serif",
							"mappings": [
								{
									"type": "cssVariable",
									"value": "font-family-sans-serif"
								}
							],
							"name": "fontFamilySansSerif",
							"type": "String"
						},
						{
							"defaultValue": "SFMono-Regular, Menlo, Monaco, Consolas, 'Liberation Mono', 'Courier New', monospace",
							"label": "font-family-monospace",
							"mappings": [
								{
									"type": "cssVariable",
									"value": "font-family-monospace"
								}
							],
							"name": "fontFamilyMonospace",
							"type": "String"
						},
						{
							"defaultValue": "system-ui, -apple-system, BlinkMacSystemFont, 'Segoe UI', Roboto, Oxygen-Sans, Ubuntu, Cantarell, 'Helvetica Neue', Arial, sans-serif, 'Apple Color Emoji', 'Segoe UI Emoji', 'Segoe UI Symbol'",
							"label": "font-family-base",
							"mappings": [
								{
									"type": "cssVariable",
									"value": "font-family-base"
								}
							],
							"name": "fontFamilyBase",
							"type": "String"
						}
					],
					"label": "font-family",
					"name": "fontFamily"
				},
				{
					"frontendTokens": [
						{
							"defaultValue": "0.875rem",
							"editorType": "Length",
							"label": "font-size-base",
							"mappings": [
								{
									"type": "cssVariable",
									"value": "font-size-base"
								}
							],
							"name": "fontSizeBase",
							"type": "String"
						},
						{
							"defaultValue": "0.875rem",
							"editorType": "Length",
							"label": "font-size-sm",
							"mappings": [
								{
									"type": "cssVariable",
									"value": "font-size-sm"
								}
							],
							"name": "fontSizeSm",
							"type": "String"
						},
						{
							"defaultValue": "1.125rem",
							"editorType": "Length",
							"label": "font-size-lg",
							"mappings": [
								{
									"type": "cssVariable",
									"value": "font-size-lg"
								}
							],
							"name": "fontSizeLg",
							"type": "String"
						}
					],
					"label": "font-size",
					"name": "fontSize"
				},
				{
					"frontendTokens": [
						{
							"defaultValue": "lighter",
							"label": "font-weight-lighter",
							"mappings": [
								{
									"type": "cssVariable",
									"value": "font-weight-lighter"
								}
							],
							"name": "fontWeightLighter",
							"type": "String"
						},
						{
							"defaultValue": "300",
							"label": "font-weight-light",
							"mappings": [
								{
									"type": "cssVariable",
									"value": "font-weight-light"
								}
							],
							"name": "fontWeightLight",
							"type": "String"
						},
						{
							"defaultValue": "400",
							"label": "font-weight-normal",
							"mappings": [
								{
									"type": "cssVariable",
									"value": "font-weight-normal"
								}
							],
							"name": "fontWeightNormal",
							"type": "String"
						},
						{
							"defaultValue": "600",
							"label": "font-weight-semi-bold",
							"mappings": [
								{
									"type": "cssVariable",
									"value": "font-weight-semi-bold"
								}
							],
							"name": "fontWeightSemiBold",
							"type": "String"
						},
						{
							"defaultValue": "700",
							"label": "font-weight-bold",
							"mappings": [
								{
									"type": "cssVariable",
									"value": "font-weight-bold"
								}
							],
							"name": "fontWeightBold",
							"type": "String"
						},
						{
							"defaultValue": "900",
							"label": "font-weight-bolder",
							"mappings": [
								{
									"type": "cssVariable",
									"value": "font-weight-bolder"
								}
							],
							"name": "fontWeightBolder",
							"type": "String"
						}
					],
					"label": "font-weight",
					"name": "fontWeight"
				},
				{
					"frontendTokens": [
						{
							"defaultValue": "1.625rem",
							"editorType": "Length",
							"label": "h1-font-size",
							"mappings": [
								{
									"type": "cssVariable",
									"value": "h1-font-size"
								}
							],
							"name": "h1FontSize",
							"type": "String"
						},
						{
							"defaultValue": "1.375rem",
							"editorType": "Length",
							"label": "h2-font-size",
							"mappings": [
								{
									"type": "cssVariable",
									"value": "h2-font-size"
								}
							],
							"name": "h2FontSize",
							"type": "String"
						},
						{
							"defaultValue": "1.1875rem",
							"editorType": "Length",
							"label": "h3-font-size",
							"mappings": [
								{
									"type": "cssVariable",
									"value": "h3-font-size"
								}
							],
							"name": "h3FontSize",
							"type": "String"
						},
						{
							"defaultValue": "1rem",
							"editorType": "Length",
							"label": "h4-font-size",
							"mappings": [
								{
									"type": "cssVariable",
									"value": "h4-font-size"
								}
							],
							"name": "h4FontSize",
							"type": "String"
						},
						{
							"defaultValue": "0.875rem",
							"editorType": "Length",
							"label": "h5-font-size",
							"mappings": [
								{
									"type": "cssVariable",
									"value": "h5-font-size"
								}
							],
							"name": "h5FontSize",
							"type": "String"
						},
						{
							"defaultValue": "0.8125rem",
							"editorType": "Length",
							"label": "h6-font-size",
							"mappings": [
								{
									"type": "cssVariable",
									"value": "h6-font-size"
								}
							],
							"name": "h6FontSize",
							"type": "String"
						}
					],
					"label": "headings",
					"name": "headings"
				},
				{
					"frontendTokens": [
						{
							"defaultValue": "6rem",
							"editorType": "Length",
							"label": "display-1-size",
							"mappings": [
								{
									"type": "cssVariable",
									"value": "display1-size"
								}
							],
							"name": "display1Size",
							"type": "String"
						},
						{
							"defaultValue": "5.5rem",
							"editorType": "Length",
							"label": "display-2-size",
							"mappings": [
								{
									"type": "cssVariable",
									"value": "display2-size"
								}
							],
							"name": "display2Size",
							"type": "String"
						},
						{
							"defaultValue": "4.5rem",
							"editorType": "Length",
							"label": "display-3-size",
							"mappings": [
								{
									"type": "cssVariable",
									"value": "display3-size"
								}
							],
							"name": "display3Size",
							"type": "String"
						},
						{
							"defaultValue": "3.5rem",
							"editorType": "Length",
							"label": "display-4-size",
							"mappings": [
								{
									"type": "cssVariable",
									"value": "display4-size"
								}
							],
							"name": "display4Size",
							"type": "String"
						},
						{
							"defaultValue": "300",
							"label": "display-1-weight",
							"mappings": [
								{
									"type": "cssVariable",
									"value": "display1-weight"
								}
							],
							"name": "display1Weight",
							"type": "String"
						},
						{
							"defaultValue": "300",
							"label": "display-2-weight",
							"mappings": [
								{
									"type": "cssVariable",
									"value": "display2-weight"
								}
							],
							"name": "display2Weight",
							"type": "String"
						},
						{
							"defaultValue": "300",
							"label": "display-3-weight",
							"mappings": [
								{
									"type": "cssVariable",
									"value": "display3-weight"
								}
							],
							"name": "display3Weight",
							"type": "String"
						},
						{
							"defaultValue": "300",
							"label": "display-4-weight",
							"mappings": [
								{
									"type": "cssVariable",
									"value": "display4-weight"
								}
							],
							"name": "display4Weight",
							"type": "String"
						},
						{
							"defaultValue": "1.2",
							"label": "display-line-height",
							"mappings": [
								{
									"type": "cssVariable",
									"value": "display-line-height"
								}
							],
							"name": "displayLineHeight",
							"type": "String"
						}
					],
					"label": "displays",
					"name": "displays"
				},
				{
					"frontendTokens": [
						{
							"defaultValue": "1.25rem",
							"editorType": "Length",
							"label": "lead-font-size",
							"mappings": [
								{
									"type": "cssVariable",
									"value": "lead-font-size"
								}
							],
							"name": "leadFontSize",
							"type": "String"
						},
						{
							"defaultValue": "300",
							"label": "lead-font-weight",
							"mappings": [
								{
									"type": "cssVariable",
									"value": "lead-font-weight"
								}
							],
							"name": "leadFontWeight",
							"type": "String"
						},
						{
							"defaultValue": "#a7a9bc",
							"editorType": "ColorPicker",
							"label": "text-muted",
							"mappings": [
								{
									"type": "cssVariable",
									"value": "text-muted"
								}
							],
							"name": "textMuted",
							"type": "String"
						},
						{
							"defaultValue": "1.25rem",
							"editorType": "Length",
							"label": "blockquote-font-size",
							"mappings": [
								{
									"type": "cssVariable",
									"value": "blockquote-font-size"
								}
							],
							"name": "blockquoteFontSize",
							"type": "String"
						},
						{
							"defaultValue": "#6b6c7e",
							"editorType": "ColorPicker",
							"label": "blockquote-small-color",
							"mappings": [
								{
									"type": "cssVariable",
									"value": "blockquote-small-color"
								}
							],
							"name": "blockquoteSmallColor",
							"type": "String"
						},
						{
							"defaultValue": "80%",
							"editorType": "Length",
							"label": "blockquote-small-font-size",
							"mappings": [
								{
									"type": "cssVariable",
									"value": "blockquote-small-font-size"
								}
							],
							"name": "blockquoteSmallFontSize",
							"type": "String"
						},
						{
							"defaultValue": "rgba(0, 0, 0, .1)",
							"label": "hr-border-color",
							"mappings": [
								{
									"type": "cssVariable",
									"value": "hr-border-color"
								}
							],
							"name": "hrBorderColor",
							"type": "String"
						},
						{
							"defaultValue": "1px",
							"editorType": "Length",
							"label": "hr-border-width",
							"mappings": [
								{
									"type": "cssVariable",
									"value": "hr-border-width"
								}
							],
							"name": "hrBorderWidth",
							"type": "String"
						},
						{
							"defaultValue": "1rem",
							"editorType": "Length",
							"label": "hr-border-margin-y",
							"mappings": [
								{
									"type": "cssVariable",
									"value": "hr-border-margin-y"
								}
							],
							"name": "hrBorderMarginY",
							"type": "String"
						}
					],
					"label": "other",
					"name": "other"
				}
			],
			"label": "typography",
			"name": "typography"
		},
		{
			"frontendTokenSets": [
				{
					"frontendTokens": [
						{
							"defaultValue": "#0b5fff",
							"editorType": "ColorPicker",
							"label": "background-color",
							"mappings": [
								{
									"type": "cssVariable",
									"value": "btn-primary-background-color"
								}
							],
							"name": "btnPrimaryBackgroundColor",
							"type": "String"
						},
						{
							"defaultValue": "#0b5fff",
							"editorType": "ColorPicker",
							"label": "border-color",
							"mappings": [
								{
									"type": "cssVariable",
									"value": "btn-primary-border-color"
								}
							],
							"name": "btnPrimaryBorderColor",
							"type": "String"
						},
						{
							"defaultValue": "#fff",
							"editorType": "ColorPicker",
							"label": "color",
							"mappings": [
								{
									"type": "cssVariable",
									"value": "btn-primary-color"
								}
							],
							"name": "btnPrimaryColor",
							"type": "String"
						},
						{
							"defaultValue": "#0053f0",
							"editorType": "ColorPicker",
							"label": "hover-background-color",
							"mappings": [
								{
									"type": "cssVariable",
									"value": "btn-primary-hover-background-color"
								}
							],
							"name": "btnPrimaryHoverBackgroundColor",
							"type": "String"
						},
						{
							"defaultValue": "transparent",
							"editorType": "ColorPicker",
							"label": "hover-border-color",
							"mappings": [
								{
									"type": "cssVariable",
									"value": "btn-primary-hover-border-color"
								}
							],
							"name": "btnPrimaryHoverBorderColor",
							"type": "String"
						},
						{
							"defaultValue": "#fff",
							"editorType": "ColorPicker",
							"label": "hover-color",
							"mappings": [
								{
									"type": "cssVariable",
									"value": "btn-primary-hover-color"
								}
							],
							"name": "btnPrimaryHoverColor",
							"type": "String"
						}
					],
					"label": "button-primary",
					"name": "btnPrimary"
				},
				{
					"frontendTokens": [
						{
							"defaultValue": "#0b5fff",
							"editorType": "ColorPicker",
							"label": "border-color",
							"mappings": [
								{
									"type": "cssVariable",
									"value": "btn-outline-primary-border-color"
								}
							],
							"name": "btnOutlinePrimaryBorderColor",
							"type": "String"
						},
						{
							"defaultValue": "#0b5fff",
							"editorType": "ColorPicker",
							"label": "color",
							"mappings": [
								{
									"type": "cssVariable",
									"value": "btn-outline-primary-color"
								}
							],
							"name": "btnOutlinePrimaryColor",
							"type": "String"
						},
						{
							"defaultValue": "#f0f5ff",
							"editorType": "ColorPicker",
							"label": "hover-background-color",
							"mappings": [
								{
									"type": "cssVariable",
									"value": "btn-outline-primary-hover-background-color"
								}
							],
							"name": "btnOutlinePrimaryHoverBackgroundColor",
							"type": "String"
						},
						{
							"defaultValue": "#0b5fff",
							"editorType": "ColorPicker",
							"label": "hover-border-color",
							"mappings": [
								{
									"type": "cssVariable",
									"value": "btn-outline-primary-hover-border-color"
								}
							],
							"name": "btnOutlinePrimaryHoverBorderColor",
							"type": "String"
						},
						{
							"defaultValue": "#0b5fff",
							"editorType": "ColorPicker",
							"label": "hover-color",
							"mappings": [
								{
									"type": "cssVariable",
									"value": "btn-outline-primary-hover-color"
								}
							],
							"name": "btnOutlinePrimaryHoverColor",
							"type": "String"
						}
					],
					"label": "button-outline-primary",
					"name": "btnOutlinePrimary"
				},
				{
					"frontendTokens": [
						{
							"defaultValue": "#fff",
							"editorType": "ColorPicker",
							"label": "background-color",
							"mappings": [
								{
									"type": "cssVariable",
									"value": "btn-secondary-background-color"
								}
							],
							"name": "btnSecondaryBackgroundColor",
							"type": "String"
						},
						{
							"defaultValue": "#cdced9",
							"editorType": "ColorPicker",
							"label": "border-color",
							"mappings": [
								{
									"type": "cssVariable",
									"value": "btn-secondary-border-color"
								}
							],
							"name": "btnSecondaryBorderColor",
							"type": "String"
						},
						{
							"defaultValue": "#6b6c7e",
							"editorType": "ColorPicker",
							"label": "color",
							"mappings": [
								{
									"type": "cssVariable",
									"value": "btn-secondary-color"
								}
							],
							"name": "btnSecondaryColor",
							"type": "String"
						},
						{
							"defaultValue": "#f7f8f9",
							"editorType": "ColorPicker",
							"label": "hover-background-color",
							"mappings": [
								{
									"type": "cssVariable",
									"value": "btn-secondary-hover-background-color"
								}
							],
							"name": "btnSecondaryHoverBackgroundColor",
							"type": "String"
						},
						{
							"defaultValue": "#cdced9",
							"editorType": "ColorPicker",
							"label": "hover-border-color",
							"mappings": [
								{
									"type": "cssVariable",
									"value": "btn-secondary-hover-border-color"
								}
							],
							"name": "btnSecondaryHoverBorderColor",
							"type": "String"
						},
						{
							"defaultValue": "#272833",
							"editorType": "ColorPicker",
							"label": "hover-color",
							"mappings": [
								{
									"type": "cssVariable",
									"value": "btn-secondary-hover-color"
								}
							],
							"name": "btnSecondaryHoverColor",
							"type": "String"
						}
					],
					"label": "button-secondary",
					"name": "btnSecondary"
				},
				{
					"frontendTokens": [
						{
							"defaultValue": "#cdced9",
							"editorType": "ColorPicker",
							"label": "border-color",
							"mappings": [
								{
									"type": "cssVariable",
									"value": "btn-outline-secondary-border-color"
								}
							],
							"name": "btnOutlineSecondaryBorderColor",
							"type": "String"
						},
						{
							"defaultValue": "#6b6c7e",
							"editorType": "ColorPicker",
							"label": "color",
							"mappings": [
								{
									"type": "cssVariable",
									"value": "btn-outline-secondary-color"
								}
							],
							"name": "btnOutlineSecondaryColor",
							"type": "String"
						},
						{
							"defaultValue": "rgba(39, 40, 51, 0.03)",
							"editorType": "ColorPicker",
							"label": "hover-background-color",
							"mappings": [
								{
									"type": "cssVariable",
									"value": "btn-outline-secondary-hover-background-color"
								}
							],
							"name": "btnOutlineSecondaryHoverBackgroundColor",
							"type": "String"
						},
						{
							"defaultValue": "transparent",
							"editorType": "ColorPicker",
							"label": "hover-border-color",
							"mappings": [
								{
									"type": "cssVariable",
									"value": "btn-outline-secondary-hover-border-color"
								}
							],
							"name": "btnOutlineSecondaryHoverBorderColor",
							"type": "String"
						},
						{
							"defaultValue": "#272833",
							"editorType": "ColorPicker",
							"label": "hover-color",
							"mappings": [
								{
									"type": "cssVariable",
									"value": "btn-outline-secondary-hover-color"
								}
							],
							"name": "btnOutlineSecondaryHoverColor",
							"type": "String"
						}
					],
					"label": "button-outline-secondary",
					"name": "btnOutlineSecondary"
				},
				{
					"frontendTokens": [
						{
							"defaultValue": "#0b5fff",
							"editorType": "ColorPicker",
							"label": "color",
							"mappings": [
								{
									"type": "cssVariable",
									"value": "btn-link-color"
								}
							],
							"name": "btnLinkColor",
							"type": "String"
						},
						{
							"defaultValue": "#004ad7",
							"editorType": "ColorPicker",
							"label": "hover-color",
							"mappings": [
								{
									"type": "cssVariable",
									"value": "btn-link-hover-color"
								}
							],
							"name": "btnLinkHoverColor",
							"type": "String"
						}
					],
					"label": "button-link",
					"name": "btnLink"
				}
			],
			"label": "buttons",
			"name": "buttons"
		}
	]
}